Time (s),Sine Value
0.204623,0.203306
0.304578,0.300066
0.404409,0.393768
0.504435,0.483572
0.604415,0.568524
0.704425,0.64782
0.804411,0.720648
0.904481,0.786244
1.0043,0.843911
1.10422,0.893219
1.20422,0.933638
1.30436,0.964813
1.40456,0.986246
1.50458,0.997821
1.60434,0.999432
1.70458,0.991042
1.80412,0.972827
1.90421,0.944846
2.00455,0.907312
2.10459,0.860797
2.20457,0.805697
2.30404,0.742752
2.4046,0.671954
