Time (s),Sine Value
0.100763,-0.863685
0.201221,-0.808855
0.301213,-0.746139
0.401328,-0.675885
0.501347,-0.598925
0.601352,-0.51599
0.701392,-0.427834
0.801044,-0.335812
0.901262,-0.239842
1.00137,-0.141683
1.10119,-0.0422159
1.20129,0.0577886
1.30136,0.157191
1.4013,0.254974
